CHROM,POS,ID,REF,ALT,QUAL,FILTER,P,ANN,AF_EXAC,AF_TGP,ALLELEID,CLNDISDB,CLNDN,CLNHGVS,CLNREVSTAT,CLNSIG,CLNSIGSCV,CLNVC,CLNVCSO,CLNVI,GENEINFO,MC,ORIGIN,RS,AF_ESP,F,LOF,NMD,CLNSIGCONF,CLNDISDBINCL,CLNDNINCL,CLNSIGINCL
chr1,976215,1320032,A,G,34.76,PASS,True,"G|missense_variant|MODERATE|PERM1|PERM1|transcript|NM_001291366.2|protein_coding|4/4|c.2330T>C|p.Val777Ala|2377/3394|2330/2373|777/790||,G|missense_variant|MODERATE|PERM1|PERM1|transcript|NM_001369898.1|protein_coding|3/3|c.2264T>C|p.Val755Ala|2408/3425|2264/2307|755/768||,G|missense_variant|MODERATE|PERM1|PERM1|transcript|NM_001291367.2|protein_coding|5/5|c.1988T>C|p.Val663Ala|2024/3041|1988/2031|663/676||,G|missense_variant|MODERATE|PERM1|PERM1|transcript|NM_001369897.1|protein_coding|4/4|c.2330T>C|p.Val777Ala|2598/3615|2330/2373|777/790||,G|missense_variant|MODERATE|PERM1|PERM1|transcript|NM_001394713.1|protein_coding|4/4|c.2330T>C|p.Val777Ala|2503/3520|2330/2373|777/790||,G|downstream_gene_variant|MODIFIER|PLEKHN1|PLEKHN1|transcript|XM_011542248.2|protein_coding||c.*1640A>G|||||1628|,G|downstream_gene_variant|MODIFIER|PLEKHN1|PLEKHN1|transcript|XM_017002479.1|protein_coding||c.*3934A>G|||||3835|,G|downstream_gene_variant|MODIFIER|PLEKHN1|PLEKHN1|transcript|XM_017002478.2|protein_coding||c.*2703A>G|||||2613|,G|downstream_gene_variant|MODIFIER|PLEKHN1|PLEKHN1|transcript|XR_001737478.1|pseudogene||n.*2255A>G|||||2255|,G|downstream_gene_variant|MODIFIER|PLEKHN1|PLEKHN1|transcript|XM_017002477.1|protein_coding||c.*1777A>G|||||1682|,G|downstream_gene_variant|MODIFIER|PLEKHN1|PLEKHN1|transcript|XM_017002474.1|protein_coding||c.*1640A>G|||||1628|,G|downstream_gene_variant|MODIFIER|PLEKHN1|PLEKHN1|transcript|XM_017002475.1|protein_coding||c.*1640A>G|||||1628|,G|downstream_gene_variant|MODIFIER|PLEKHN1|PLEKHN1|transcript|XM_017002476.1|protein_coding||c.*1640A>G|||||1628|,G|downstream_gene_variant|MODIFIER|PLEKHN1|PLEKHN1|transcript|NM_001160184.2|protein_coding||c.*1640A>G|||||350|,G|downstream_gene_variant|MODIFIER|PLEKHN1|PLEKHN1|transcript|NM_001367552.1|protein_coding||c.*1640A>G|||||350|,G|downstream_gene_variant|MODIFIER|PLEKHN1|PLEKHN1|transcript|NM_032129.3|protein_coding||c.*1640A>G|||||350|",,,1310278,"Human_Phenotype_Ontology:HP:0032647,MedGen:C5397664|Human_Phenotype_Ontology:HP:0001932,Human_Phenotype_Ontology:HP:0008264,MedGen:C4021547",Renal_tubular_epithelial_cell_apoptosis|Neutrophil_inclusion_bodies,NC_000001.11:g.976215A>G,no_assertion_criteria_provided,Pathogenic,SCV002011878|SCV002011885,single_nucleotide_variant,SO:0001483,ClinGen:CA507079,PERM1:84808,SO:0001583|missense_variant,0,,,,,,,,,
chr1,5877129,695589,G,A,24.15,PASS,True,"A|synonymous_variant|LOW|NPHP4|NPHP4|transcript|NM_015102.5|protein_coding|20/30|c.2781C>T|p.Ala927Ala|3001/4955|2781/4281|927/1426||,A|synonymous_variant|LOW|NPHP4|NPHP4|transcript|XM_017001003.1|protein_coding|12/22|c.1242C>T|p.Ala414Ala|1877/3832|1242/2742|414/913||,A|synonymous_variant|LOW|NPHP4|NPHP4|transcript|XM_017001001.1|protein_coding|14/24|c.1983C>T|p.Ala661Ala|2086/4041|1983/3483|661/1160||,A|synonymous_variant|LOW|NPHP4|NPHP4|transcript|XM_017001000.2|protein_coding|19/29|c.2253C>T|p.Ala751Ala|2642/4597|2253/3753|751/1250||,A|synonymous_variant|LOW|NPHP4|NPHP4|transcript|XM_011541213.1|protein_coding|19/29|c.2778C>T|p.Ala926Ala|2816/4771|2778/4278|926/1425||,A|synonymous_variant|LOW|NPHP4|NPHP4|transcript|XM_011541214.1|protein_coding|19/29|c.2781C>T|p.Ala927Ala|2819/4732|2781/4239|927/1412||,A|synonymous_variant|LOW|NPHP4|NPHP4|transcript|XM_011541215.1|protein_coding|18/28|c.2670C>T|p.Ala890Ala|2708/4663|2670/4170|890/1389||,A|synonymous_variant|LOW|NPHP4|NPHP4|transcript|XM_017000996.1|protein_coding|19/29|c.2778C>T|p.Ala926Ala|2816/4729|2778/4236|926/1411||,A|synonymous_variant|LOW|NPHP4|NPHP4|transcript|XM_011541218.2|protein_coding|21/31|c.2781C>T|p.Ala927Ala|3056/5011|2781/4281|927/1426||,A|synonymous_variant|LOW|NPHP4|NPHP4|transcript|XM_017000997.1|protein_coding|20/30|c.2781C>T|p.Ala927Ala|3318/5273|2781/4281|927/1426||,A|synonymous_variant|LOW|NPHP4|NPHP4|transcript|XM_011541216.2|protein_coding|21/31|c.2781C>T|p.Ala927Ala|3523/5478|2781/4281|927/1426||,A|synonymous_variant|LOW|NPHP4|NPHP4|transcript|XM_011541217.2|protein_coding|20/30|c.2781C>T|p.Ala927Ala|3387/5342|2781/4281|927/1426||,A|synonymous_variant|LOW|NPHP4|NPHP4|transcript|XM_006710563.3|protein_coding|20/30|c.2781C>T|p.Ala927Ala|2895/4850|2781/4281|927/1426||,A|synonymous_variant|LOW|NPHP4|NPHP4|transcript|XM_017000999.1|protein_coding|20/30|c.2253C>T|p.Ala751Ala|2814/4769|2253/3753|751/1250||,A|synonymous_variant|LOW|NPHP4|NPHP4|transcript|NM_001291593.2|protein_coding|17/27|c.1242C>T|p.Ala414Ala|2691/4645|1242/2742|414/913||,A|synonymous_variant|LOW|NPHP4|NPHP4|transcript|NM_001291594.2|protein_coding|16/26|c.1245C>T|p.Ala415Ala|2514/4468|1245/2745|415/914||,A|synonymous_variant|LOW|NPHP4|NPHP4|transcript|XM_017000998.1|protein_coding|19/26|c.2781C>T|p.Ala927Ala|2819/4269|2781/3651|927/1216||,A|synonymous_variant|LOW|NPHP4|NPHP4|transcript|XM_017001002.1|protein_coding|19/20|c.2781C>T|p.Ala927Ala|2819/4266|2781/2820|927/939||,A|non_coding_transcript_exon_variant|MODIFIER|NPHP4|NPHP4|transcript|XR_001737114.1|pseudogene|19/28|n.2819C>T||||||,A|non_coding_transcript_exon_variant|MODIFIER|NPHP4|NPHP4|transcript|XR_001737115.1|pseudogene|19/28|n.2819C>T||||||,A|non_coding_transcript_exon_variant|MODIFIER|NPHP4|NPHP4|transcript|NR_111987.2|pseudogene|21/33|n.3285C>T||||||,A|non_coding_transcript_exon_variant|MODIFIER|NPHP4|NPHP4|transcript|XR_946605.1|pseudogene|18/18|n.2658C>T||||||",0.00019,,683377,"MedGen:CN239384|MONDO:MONDO:0011756,MedGen:C1846979,OMIM:606996,Orphanet:3156|Human_Phenotype_Ontology:HP:0000090,Human_Phenotype_Ontology:HP:0004748,MONDO:MONDO:0019005,MedGen:C0687120,OMIM:PS256100,Orphanet:655|MONDO:MONDO:0011752,MedGen:C1847013,OMIM:606966,Orphanet:655",NPHP4-related_disorder|Senior-Loken_syndrome_4|Nephronophthisis|Nephronophthisis_4,NC_000001.11:g.5877129G>A,"criteria_provided,_conflicting_classifications",Conflicting_classifications_of_pathogenicity,SCV001001659|SCV001258876|SCV001258877,single_nucleotide_variant,SO:0001483,ClinGen:CA553938,NPHP4:261734,"SO:0001619|non-coding_transcript_variant,SO:0001819|synonymous_variant",1,199875603,0.00016,,,,Uncertain_significance(2)|Likely_benign(1),,,
chr1,10475010,259436,G,A,24.71,PASS,True,"A|splice_region_variant&intron_variant|LOW|PEX14|PEX14|transcript|XM_011541580.1|protein_coding|1/7|c.36+8G>A||||||,A|splice_region_variant&intron_variant|LOW|PEX14|PEX14|transcript|NM_004565.3|protein_coding|1/8|c.36+8G>A||||||,A|upstream_gene_variant|MODIFIER|DFFA|DFFA|transcript|NM_004401.3|protein_coding||c.-2552C>T|||||2481|,A|upstream_gene_variant|MODIFIER|DFFA|DFFA|transcript|NM_213566.2|protein_coding||c.-2552C>T|||||2481|",0.00167,0.0002,249330,"MONDO:MONDO:0800365,MedGen:C1866257|MedGen:CN169374|MONDO:MONDO:0013952,MedGen:C3554004,OMIM:614887,Orphanet:912","Peroxisome_biogenesis_disorder,_complementation_group_K|not_specified|Peroxisome_biogenesis_disorder_13A_(Zellweger)",NC_000001.11:g.10475010G>A,"criteria_provided,_conflicting_classifications",Conflicting_classifications_of_pathogenicity,SCV000310481|SCV000347009|SCV000703000|SCV001031144,single_nucleotide_variant,SO:0001483,ClinGen:CA583666,PEX14:5195,SO:0001627|intron_variant,1,200154696,0.00116,,,,Uncertain_significance(1)|Benign(1)|Likely_benign(2),,,
chr1,25800189,261269,T,C,28.87,PASS,True,"C|upstream_gene_variant|MODIFIER|SELENON|SELENON|transcript|NM_020451.3|protein_coding||c.-42T>C|||||4|WARNING_TRANSCRIPT_MULTIPLE_STOP_CODONS,C|upstream_gene_variant|MODIFIER|SELENON|SELENON|transcript|NM_206926.2|protein_coding||c.-42T>C|||||4|,C|intergenic_region|MODIFIER|MAN1C1-SELENON|MAN1C1-SELENON|intergenic_region|MAN1C1-SELENON|||n.25800189T>C||||||",,,249859,MedGen:C3661900|MedGen:CN239420|MedGen:CN169374,not_provided|SEPN1-related_disorder|not_specified,NC_000001.11:g.25800189T>C,"criteria_provided,_conflicting_classifications",Conflicting_classifications_of_pathogenicity,SCV000313541|SCV000357093|SCV001902418,single_nucleotide_variant,SO:0001483,ClinGen:CA696436,SELENON:57190,,1,12121707,,,,,Uncertain_significance(1)|Benign(2),,,
chr1,46189236,873654,C,T,53.38,PASS,,"T|splice_region_variant&intron_variant|LOW|POMGNT1|POMGNT1|transcript|NM_001243766.2|protein_coding|22/22|c.1985+6G>A||||||,T|splice_region_variant&intron_variant|LOW|POMGNT1|POMGNT1|transcript|NM_001290129.2|protein_coding|21/21|c.*28+6G>A||||||,T|splice_region_variant&intron_variant|LOW|POMGNT1|POMGNT1|transcript|NM_001290130.2|protein_coding|21/21|c.*28+6G>A||||||,T|splice_region_variant&intron_variant|LOW|POMGNT1|POMGNT1|transcript|XM_006710756.1|protein_coding|22/22|c.1985+6G>A||||||,T|3_prime_UTR_variant|MODIFIER|POMGNT1|POMGNT1|transcript|XM_011541760.3|protein_coding|21/21|c.*34G>A|||||34|,T|3_prime_UTR_variant|MODIFIER|POMGNT1|POMGNT1|transcript|XM_017001690.1|protein_coding|22/22|c.*34G>A|||||34|,T|3_prime_UTR_variant|MODIFIER|POMGNT1|POMGNT1|transcript|NM_017739.4|protein_coding|22/22|c.*34G>A|||||34|,T|downstream_gene_variant|MODIFIER|TSPAN1|TSPAN1|transcript|NM_005727.4|protein_coding||c.*3703C>T|||||3274|,T|intron_variant|MODIFIER|TSPAN1|TSPAN1|transcript|XM_011540460.3|protein_coding|8/8|c.678+3928C>T||||||,T|intron_variant|MODIFIER|POMGNT1|POMGNT1|transcript|XM_006710755.1|protein_coding|21/21|c.1895+222G>A||||||,T|intron_variant|MODIFIER|POMGNT1|POMGNT1|transcript|XM_005271010.1|protein_coding|21/21|c.1895+222G>A||||||",0.00094,0.0002,864534,"MONDO:MONDO:0013161,MedGen:C3150417,OMIM:613157,Orphanet:206564|MedGen:C3661900|MedGen:CN239202|MedGen:CN239299","Autosomal_recessive_limb-girdle_muscular_dystrophy_type_2O|not_provided|Congenital_Muscular_Dystrophy,_alpha-dystroglycan_related|POMGNT1-related_disorder",NC_000001.11:g.46189236C>T,"criteria_provided,_conflicting_classifications",Conflicting_classifications_of_pathogenicity,SCV001252175|SCV001258068|SCV004185020|SCV005186683,single_nucleotide_variant,SO:0001483,ClinGen:CA833170,TSPAN1:10103|POMGNT1:55624,"SO:0001624|3_prime_UTR_variant,SO:0001627|intron_variant",1,200540049,0.00046,True,,,Uncertain_significance(3)|Likely_benign(1),,,
chr1,53213424,460427,T,C,58.06,PASS,,"C|synonymous_variant|LOW|CPT2|CPT2|transcript|NM_000098.3|protein_coding|5/5|c.1806T>C|p.Phe602Phe|1926/2699|1806/1977|602/658||,C|synonymous_variant|LOW|CPT2|CPT2|transcript|NM_001330589.2|protein_coding|5/5|c.1737T>C|p.Phe579Phe|1857/2630|1737/1908|579/635||,C|downstream_gene_variant|MODIFIER|CZIB|CZIB|transcript|NM_017887.3|protein_coding||c.*1235A>G|||||675|,C|downstream_gene_variant|MODIFIER|CZIB|CZIB|transcript|NM_001304759.2|protein_coding||c.*1235A>G|||||675|,C|downstream_gene_variant|MODIFIER|CZIB|CZIB|transcript|NM_001304760.2|protein_coding||c.*1235A>G|||||675|",0.00235,0.0004,448240,"MedGen:CN169374|MONDO:MONDO:0015515,MedGen:C0342790,Orphanet:157|MONDO:MONDO:0012136,MedGen:C1833518,OMIM:608836,Orphanet:228308|MedGen:C3661900","not_specified|Carnitine_palmitoyltransferase_II_deficiency|Carnitine_palmitoyl_transferase_II_deficiency,_neonatal_form|not_provided",NC_000001.11:g.53213424T>C,"criteria_provided,_conflicting_classifications",Conflicting_classifications_of_pathogenicity,SCV000632597|SCV000702018|SCV001253051|SCV001442588|SCV001653453|SCV001893212|SCV003916458,single_nucleotide_variant,SO:0001483,ClinGen:CA859285,CPT2:1376,SO:0001819|synonymous_variant,1,147953465,0.00331,True,,,Uncertain_significance(2)|Benign(3)|Likely_benign(2),,,
chr1,55052420,262906,G,A,59.37,PASS,,"A|intron_variant|MODIFIER|PCSK9|PCSK9|transcript|NM_174936.4|protein_coding|4/11|c.657+9G>A||||||,A|intron_variant|MODIFIER|PCSK9|PCSK9|transcript|NR_110451.2|pseudogene|2/9|n.316+9G>A||||||",0.0424,0.03914,249986,"MONDO:MONDO:0017774,MedGen:C0020597,Orphanet:31154|MedGen:CN169374|MedGen:CN230736|MONDO:MONDO:0011369,MedGen:C1863551,OMIM:603776|MONDO:MONDO:0005439,MedGen:C0020445,OMIM:PS143890|MONDO:MONDO:0007750,MedGen:C0745103,OMIM:143890,Orphanet:391665","Hypobetalipoproteinemia|not_specified|Cardiovascular_phenotype|Hypercholesterolemia,_autosomal_dominant,_3|Familial_hypercholesterolemia|Hypercholesterolemia,_familial,_1",NC_000001.11:g.55052420G>A,"criteria_provided,_conflicting_classifications",Conflicting_classifications_of_pathogenicity,SCV000316577|SCV000323041|SCV000358229|SCV000358230|SCV000555871|SCV000690985|SCV000729975|SCV002663342|SCV005077870,single_nucleotide_variant,SO:0001483,ClinGen:CA043751,PCSK9:255738,SO:0001627|intron_variant,1,11800243,0.04575,True,,,Uncertain_significance(1)|Benign(8),,,
chr1,55057360,262899,A,G,34.39,PASS,True,"G|synonymous_variant|LOW|PCSK9|PCSK9|transcript|NM_174936.4|protein_coding|7/12|c.1026A>G|p.Gln342Gln|1316/3637|1026/2079|342/692||,G|non_coding_transcript_exon_variant|MODIFIER|PCSK9|PCSK9|transcript|NR_110451.2|pseudogene|5/10|n.685A>G||||||",0.99454,0.98183,249989,"MedGen:C3661900|MedGen:CN230736|MONDO:MONDO:0011369,MedGen:C1863551,OMIM:603776|MONDO:MONDO:0005439,MedGen:C0020445,OMIM:PS143890|MedGen:CN169374|MONDO:MONDO:0007750,MedGen:C0745103,OMIM:143890,Orphanet:391665|MONDO:MONDO:0017774,MedGen:C0020597,Orphanet:31154","not_provided|Cardiovascular_phenotype|Hypercholesterolemia,_autosomal_dominant,_3|Familial_hypercholesterolemia|not_specified|Hypercholesterolemia,_familial,_1|Hypobetalipoproteinemia",NC_000001.11:g.55057360A>G,"criteria_provided,_conflicting_classifications",Conflicting_classifications_of_pathogenicity,SCV000316563|SCV000323061|SCV000358246|SCV000358247|SCV000519559|SCV000690954|SCV001720523|SCV002029469|SCV002047712|SCV002689960|SCV004836419|SCV005062048,single_nucleotide_variant,SO:0001483,ClinGen:CA034691,PCSK9:255738,"SO:0001619|non-coding_transcript_variant,SO:0001819|synonymous_variant",1,509504,0.9797,,,,Uncertain_significance(1)|Benign(11),,,
chr1,89054646,1320035,GAAAAAC,G,52.28,PASS,,"G|downstream_gene_variant|MODIFIER|LOC105378841|LOC105378841|transcript|XR_947578.2|pseudogene||n.*3437_*3442delAAAAAC|||||3437|,G|intron_variant|MODIFIER|LOC105378841|LOC105378841|transcript|XR_947575.2|pseudogene|2/4|n.3209+7728_3209+7733delAAAACA||||||INFO_REALIGN_3_PRIME,G|intron_variant|MODIFIER|GBP1|GBP1|transcript|NM_002053.3|protein_coding|10/10|c.1665+30_1665+35delGTTTTT||||||,G|intron_variant|MODIFIER|LOC105378841|LOC105378841|transcript|XR_947576.2|pseudogene|3/5|n.317+7728_317+7733delAAAACA||||||INFO_REALIGN_3_PRIME,G|intron_variant|MODIFIER|GBP1|GBP1|transcript|XM_024446351.1|protein_coding|9/9|c.1263+30_1263+35delGTTTTT||||||",,,1310281,"Human_Phenotype_Ontology:HP:0001932,Human_Phenotype_Ontology:HP:0008264,MedGen:C4021547",Neutrophil_inclusion_bodies,NC_000001.11:g.89054648_89054653del,no_assertion_criteria_provided,Likely_pathogenic,SCV002011882,Deletion,SO:0000159,ClinGen:CA939666,GBP1:2633,SO:0001627|intron_variant,0,,,True,,,,,,
chr1,94008251,7888,C,T,57.33,PASS,,T|missense_variant|MODERATE|ABCA4|ABCA4|transcript|NM_000350.3|protein_coding|42/50|c.5882G>A|p.Gly1961Glu|5985/7328|5882/6822|1961/2273||,0.00505,0.00319,22927,"MONDO:MONDO:0011395,MedGen:C1858806,OMIM:604116,Orphanet:1872|MONDO:MONDO:0009549,MeSH:D000080362,MedGen:C1855465,OMIM:248200,Orphanet:364055,Orphanet:827|MONDO:MONDO:0007932,MedGen:C3495438,OMIM:153800|MONDO:MONDO:0011137,MedGen:C1866422,OMIM:601718,Orphanet:791|Human_Phenotype_Ontology:HP:0000547,MONDO:MONDO:0019200,MeSH:D012174,MedGen:C0035334,OMIM:268000,OMIM:PS268000,Orphanet:791|MONDO:MONDO:0800406,MedGen:CN322612|.|Human_Phenotype_Ontology:HP:0000556,Human_Phenotype_Ontology:HP:0007736,Human_Phenotype_Ontology:HP:0007910,Human_Phenotype_Ontology:HP:0007974,Human_Phenotype_Ontology:HP:0007982,MONDO:MONDO:0019118,MeSH:D058499,MedGen:C0854723,Orphanet:71862|MedGen:CN239167|Human_Phenotype_Ontology:HP:0007638,Human_Phenotype_Ontology:HP:0007754,Human_Phenotype_Ontology:HP:0007798,Human_Phenotype_Ontology:HP:0007914,Human_Phenotype_Ontology:HP:0007919,Human_Phenotype_Ontology:HP:0007999,MedGen:C0730292|MeSH:D030342,MedGen:C0950123|MedGen:CN169374|MedGen:C3661900|MONDO:MONDO:0019353,MedGen:C0271093,Orphanet:827|.","Cone-rod_dystrophy_3|Severe_early-childhood-onset_retinal_dystrophy|Age_related_macular_degeneration_2|Retinitis_pigmentosa_19|Retinitis_pigmentosa|ABCA4-related_retinopathy|See_cases|Retinal_dystrophy|ABCA4-related_disorder|Macular_dystrophy|Inborn_genetic_diseases|not_specified|not_provided|Stargardt_disease|MACULAR_DEGENERATION,_AGE-RELATED,_2,_SUSCEPTIBILITY_TO",NC_000001.11:g.94008251C>T,"criteria_provided,_multiple_submitters,_no_conflicts","Pathogenic/Likely_pathogenic/Pathogenic,_low_penetrance",SCV000110529|SCV000221171|SCV000267674|SCV000281939|SCV000321357|SCV000359235|SCV000494247|SCV000741007|SCV000891470|SCV001135328|SCV001159230|SCV001229561|SCV001240512|SCV001247601|SCV001367829|SCV001430593|SCV001440307|SCV001521357|SCV001548126|SCV001573158|SCV001760045|SCV001760046|SCV001976708|SCV001983384|SCV002044423|SCV002054127|SCV002058783|SCV002100408|SCV002520430|SCV002526676|SCV002564625|SCV002581171|SCV002754519|SCV002767263|SCV004030451|SCV004048390|SCV004706492|SCV004806246|SCV005072336|SCV005329588|SCV005368129|SCV005418955|SCV005661288|SCV005881644|SCV006059658,single_nucleotide_variant,SO:0001483,ClinGen:CA119132|OMIM:601691.0007|UniProtKB:P78363#VAR_008475,ABCA4:24,SO:0001583|missense_variant,21,1800553,,True,,,,"MONDO:MONDO:0009549,MeSH:D000080362,MedGen:C1855465,OMIM:248200,Orphanet:364055,Orphanet:827|MONDO:MONDO:0019353,MedGen:C0271093,Orphanet:827",Severe_early-childhood-onset_retinal_dystrophy|Stargardt_disease,424760:Pathogenic|635154:Pathogenic
chr1,115768745,292138,G,GCACACACA,45.8,PASS,,"GCACACACA|upstream_gene_variant|MODIFIER|CASQ2|CASQ2|transcript|NM_001232.4|protein_coding||c.-205_-204insTGTGTGTG|||||32|,GCACACACA|intergenic_region|MODIFIER|CASQ2-NHLH2|CASQ2-NHLH2|intergenic_region|CASQ2-NHLH2|||n.115768745_115768746insCACACACA||||||",,,276560,"MedGen:C3661900|MONDO:MONDO:0017990,MedGen:C5574922,OMIM:PS604772,Orphanet:3286",not_provided|Catecholaminergic_polymorphic_ventricular_tachycardia,NC_000001.11:g.115768747AC[12],"criteria_provided,_conflicting_classifications",Conflicting_classifications_of_pathogenicity,SCV000347696|SCV001941908,Microsatellite,SO:0000289,ClinGen:CA10607794,CASQ2:845,,1,72554067,,True,,,Uncertain_significance(1)|Benign(1),,,
chr1,120069392,193452,G,C,51.26,PASS,,"C|synonymous_variant|LOW|NOTCH2|NOTCH2|transcript|NM_024408.4|protein_coding|1/34|c.15C>G|p.Arg5Arg|271/11425|15/7416|5/2471||,C|synonymous_variant|LOW|NOTCH2|NOTCH2|transcript|NM_001200001.2|protein_coding|1/22|c.15C>G|p.Arg5Arg|271/4270|15/3708|5/1235||,C|upstream_gene_variant|MODIFIER|LOC101929178|LOC101929178|transcript|XR_254374.3|pseudogene||n.-538G>C|||||538|",,,190616,MedGen:C3661900|MedGen:CN169374,not_provided|not_specified,NC_000001.11:g.120069392G>C,"criteria_provided,_conflicting_classifications",Conflicting_classifications_of_pathogenicity,SCV000224644|SCV002071418,single_nucleotide_variant,SO:0001483,ClinGen:CA238970,NOTCH2:4853,SO:0001819|synonymous_variant,1,4021006,,True,,,Uncertain_significance(1)|Benign(1),,,
chr1,154708031,3113453,A,G,52.32,PASS,,"G|missense_variant|MODERATE|KCNN3|KCNN3|transcript|NM_001204087.2|protein_coding|9/9|c.2186T>C|p.Ile729Thr|2503/13079|2186/2241|729/746||,G|missense_variant|MODERATE|KCNN3|KCNN3|transcript|NM_170782.3|protein_coding|8/8|c.1226T>C|p.Ile409Thr|1390/11966|1226/1281|409/426||,G|missense_variant|MODERATE|KCNN3|KCNN3|transcript|NM_002249.6|protein_coding|8/8|c.2141T>C|p.Ile714Thr|2458/13034|2141/2196|714/731||,G|missense_variant|MODERATE|KCNN3|KCNN3|transcript|NM_001365837.1|protein_coding|9/9|c.1247T>C|p.Ile416Thr|1375/11944|1247/1302|416/433||,G|missense_variant|MODERATE|KCNN3|KCNN3|transcript|NM_001365838.1|protein_coding|8/8|c.1202T>C|p.Ile401Thr|1330/11899|1202/1257|401/418||",,,3264997,"MONDO:MONDO:0032854,MedGen:C5231447,OMIM:618658|MeSH:D030342,MedGen:C0950123",Zimmermann-laband_syndrome_3|Inborn_genetic_diseases,NC_000001.11:g.154708031A>G,"criteria_provided,_conflicting_classifications",Conflicting_classifications_of_pathogenicity,SCV004891469|SCV006052778,single_nucleotide_variant,SO:0001483,ClinGen:CA1131905,KCNN3:3782,SO:0001583|missense_variant,1,,,True,,,Uncertain_significance(1)|Likely_benign(1),,,
chr1,154988235,1700767,A,G,61.91,PASS,,"G|missense_variant|MODERATE|FLAD1|FLAD1|transcript|NM_025207.5|protein_coding|2/7|c.503A>G|p.Asn168Ser|854/2189|503/1764|168/587||,G|missense_variant|MODERATE|FLAD1|FLAD1|transcript|NM_001184892.2|protein_coding|3/3|c.206A>G|p.Asn69Ser|1049/1826|206/885|69/294||,G|missense_variant|MODERATE|FLAD1|FLAD1|transcript|NM_001184891.2|protein_coding|3/7|c.212A>G|p.Asn71Ser|410/1860|212/1341|71/446||,G|missense_variant|MODERATE|FLAD1|FLAD1|transcript|NM_201398.3|protein_coding|3/8|c.212A>G|p.Asn71Ser|410/1745|212/1473|71/490||",,,1693160,MedGen:C3661900,not_provided,NC_000001.11:g.154988235A>G,"criteria_provided,_conflicting_classifications",Conflicting_classifications_of_pathogenicity,SCV002562343|SCV003468242,single_nucleotide_variant,SO:0001483,ClinGen:CA1134341,FLAD1:80308,SO:0001583|missense_variant,1,150372864,,True,,,Uncertain_significance(1)|Likely_benign(1),,,
chr1,156176898,292858,G,A,23.88,PASS,True,"A|synonymous_variant|LOW|SEMA4A|SEMA4A|transcript|NM_001193300.2|protein_coding|16/16|c.2187G>A|p.Pro729Pro|2591/3437|2187/2286|729/761||,A|synonymous_variant|LOW|SEMA4A|SEMA4A|transcript|XM_011509871.3|protein_coding|14/14|c.2073G>A|p.Pro691Pro|2145/2993|2073/2172|691/723||,A|synonymous_variant|LOW|SEMA4A|SEMA4A|transcript|XM_011509878.2|protein_coding|14/14|c.1890G>A|p.Pro630Pro|2152/3000|1890/1989|630/662||,A|synonymous_variant|LOW|SEMA4A|SEMA4A|transcript|NM_001370568.1|protein_coding|14/14|c.1890G>A|p.Pro630Pro|2198/3044|1890/1989|630/662||,A|synonymous_variant|LOW|SEMA4A|SEMA4A|transcript|NM_001370569.1|protein_coding|14/14|c.1680G>A|p.Pro560Pro|2215/3061|1680/1779|560/592||,A|synonymous_variant|LOW|SEMA4A|SEMA4A|transcript|NM_001370571.1|protein_coding|16/16|c.1680G>A|p.Pro560Pro|2617/3463|1680/1779|560/592||,A|synonymous_variant|LOW|SEMA4A|SEMA4A|transcript|NM_001193301.2|protein_coding|15/15|c.2187G>A|p.Pro729Pro|2281/3127|2187/2286|729/761||,A|synonymous_variant|LOW|SEMA4A|SEMA4A|transcript|XM_011509872.2|protein_coding|16/16|c.2187G>A|p.Pro729Pro|2494/3342|2187/2286|729/761||,A|synonymous_variant|LOW|SEMA4A|SEMA4A|transcript|XM_011509875.3|protein_coding|14/14|c.1890G>A|p.Pro630Pro|2284/3132|1890/1989|630/662||,A|synonymous_variant|LOW|SEMA4A|SEMA4A|transcript|NM_001193302.2|protein_coding|13/13|c.1791G>A|p.Pro597Pro|2129/2975|1791/1890|597/629||,A|synonymous_variant|LOW|SEMA4A|SEMA4A|transcript|NM_022367.4|protein_coding|15/15|c.2187G>A|p.Pro729Pro|2396/3242|2187/2286|729/761||,A|synonymous_variant|LOW|SEMA4A|SEMA4A|transcript|XM_011509874.2|protein_coding|14/14|c.1890G>A|p.Pro630Pro|2228/3076|1890/1989|630/662||,A|synonymous_variant|LOW|SEMA4A|SEMA4A|transcript|NM_001370567.1|protein_coding|14/14|c.2187G>A|p.Pro729Pro|2218/3064|2187/2286|729/761||",0.01536,0.00679,277463,"Human_Phenotype_Ontology:HP:0000547,MONDO:MONDO:0019200,MeSH:D012174,MedGen:C0035334,OMIM:268000,OMIM:PS268000,Orphanet:791|MedGen:CN239466|MedGen:C3661900|MONDO:MONDO:0012464,MedGen:C1846529,OMIM:610283,Orphanet:1872","Retinitis_pigmentosa|Retinitis_Pigmentosa,_Recessive|not_provided|Cone-rod_dystrophy_10",NC_000001.11:g.156176898G>A,"criteria_provided,_conflicting_classifications",Conflicting_classifications_of_pathogenicity,SCV000349008|SCV000349009|SCV001254016|SCV001723091|SCV001870968,single_nucleotide_variant,SO:0001483,ClinGen:CA1155546,SEMA4A:64218,SO:0001819|synonymous_variant,1,41265019,0.01592,,,,Uncertain_significance(1)|Benign(3)|Likely_benign(1),,,
chr1,158618068,258954,G,A,31.66,PASS,True,"A|downstream_gene_variant|MODIFIER|SPTA1|SPTA1|transcript|XM_011509918.3|protein_coding||c.*2411C>T|||||2316|,A|intron_variant|MODIFIER|SPTA1|SPTA1|transcript|NM_003126.4|protein_coding|45/51|c.6531-12C>T||||||,A|intron_variant|MODIFIER|SPTA1|SPTA1|transcript|XM_011509917.3|protein_coding|45/50|c.6531-480C>T||||||,A|intron_variant|MODIFIER|SPTA1|SPTA1|transcript|XM_011509916.2|protein_coding|46/52|c.6531-12C>T||||||",0.25645,0.22784,249428,"Human_Phenotype_Ontology:HP:0001878,Human_Phenotype_Ontology:HP:0001910,Human_Phenotype_Ontology:HP:0004827,Human_Phenotype_Ontology:HP:0004853,Human_Phenotype_Ontology:HP:0004868,Human_Phenotype_Ontology:HP:0005503,MONDO:MONDO:0003664,MedGen:C0002878|MedGen:CN169374|MONDO:MONDO:0010053,MedGen:C2678338,OMIM:270970,Orphanet:822|MedGen:C3661900|MONDO:MONDO:0007533,MedGen:C1851741,OMIM:130600,Orphanet:288|Human_Phenotype_Ontology:HP:0004805,Human_Phenotype_Ontology:HP:0004839,MONDO:MONDO:0009948,MedGen:C0520739,OMIM:266140,Orphanet:98867","Hemolytic_anemia|not_specified|Hereditary_spherocytosis_type_3|not_provided|Elliptocytosis_2|Pyropoikilocytosis,_hereditary",NC_000001.11:g.158618068G>A,"criteria_provided,_conflicting_classifications",Conflicting_classifications_of_pathogenicity,SCV000309436|SCV000349210|SCV000349211|SCV000349212|SCV001158746|SCV001833401|SCV002562948|SCV002760379|SCV005915138,single_nucleotide_variant,SO:0001483,ClinGen:CA1181949,SPTA1:6708,SO:0001627|intron_variant,1,28525570,0.24911,,,,Likely_pathogenic(1)|Uncertain_significance(2)|Benign(3)|Likely_benign(3),,,
chr1,158627717,258948,G,C,36.19,PASS,True,"C|missense_variant|MODERATE|SPTA1|SPTA1|transcript|NM_003126.4|protein_coding|40/52|c.5572C>G|p.Leu1858Val|5770/8018|5572/7260|1858/2419||,C|missense_variant|MODERATE|SPTA1|SPTA1|transcript|XM_011509917.3|protein_coding|40/51|c.5572C>G|p.Leu1858Val|5697/8133|5572/7242|1858/2413||,C|missense_variant|MODERATE|SPTA1|SPTA1|transcript|XM_011509916.2|protein_coding|41/53|c.5572C>G|p.Leu1858Val|5649/8103|5572/7260|1858/2419||,C|missense_variant|MODERATE|SPTA1|SPTA1|transcript|XM_011509918.3|protein_coding|40/44|c.5572C>G|p.Leu1858Val|5697/6346|5572/6126|1858/2041||,C|intron_variant|MODIFIER|SPTA1|SPTA1|transcript|XR_921911.3|pseudogene|39/40|n.5692-1495C>G||||||",,0.22784,249434,"MedGen:CN169374|Human_Phenotype_Ontology:HP:0001878,Human_Phenotype_Ontology:HP:0001910,Human_Phenotype_Ontology:HP:0004827,Human_Phenotype_Ontology:HP:0004853,Human_Phenotype_Ontology:HP:0004868,Human_Phenotype_Ontology:HP:0005503,MONDO:MONDO:0003664,MedGen:C0002878|MONDO:MONDO:0010053,MedGen:C2678338,OMIM:270970,Orphanet:822|MedGen:C3661900|Human_Phenotype_Ontology:HP:0004805,Human_Phenotype_Ontology:HP:0004839,MONDO:MONDO:0009948,MedGen:C0520739,OMIM:266140,Orphanet:98867|MONDO:MONDO:0007533,MedGen:C1851741,OMIM:130600,Orphanet:288","not_specified|Hemolytic_anemia|Hereditary_spherocytosis_type_3|not_provided|Pyropoikilocytosis,_hereditary|Elliptocytosis_2",NC_000001.11:g.158627717G>C,"criteria_provided,_conflicting_classifications",Conflicting_classifications_of_pathogenicity,SCV000309430|SCV000349279|SCV000349280|SCV000349281|SCV000605260|SCV001981896|SCV002057676|SCV002057677|SCV002057678|SCV002438991|SCV002562949|SCV005262308|SCV006054074,single_nucleotide_variant,SO:0001483,ClinGen:CA1182251|UniProtKB:P02549#VAR_001350,SPTA1:6708,SO:0001583|missense_variant,1,3737515,0.24954,,,,Pathogenic(1)|Benign(10)|Likely_benign(2),,,
chr1,158642966,258938,G,A,50.14,PASS,,"A|missense_variant|MODERATE|SPTA1|SPTA1|transcript|NM_003126.4|protein_coding|32/52|c.4453C>T|p.Leu1485Phe|4651/8018|4453/7260|1485/2419||,A|missense_variant|MODERATE|SPTA1|SPTA1|transcript|XM_011509917.3|protein_coding|32/51|c.4453C>T|p.Leu1485Phe|4578/8133|4453/7242|1485/2413||,A|missense_variant|MODERATE|SPTA1|SPTA1|transcript|XM_011509916.2|protein_coding|33/53|c.4453C>T|p.Leu1485Phe|4530/8103|4453/7260|1485/2419||,A|missense_variant|MODERATE|SPTA1|SPTA1|transcript|XM_011509918.3|protein_coding|32/44|c.4453C>T|p.Leu1485Phe|4578/6346|4453/6126|1485/2041||,A|missense_variant|MODERATE|SPTA1|SPTA1|transcript|XM_011509919.3|protein_coding|32/37|c.4453C>T|p.Leu1485Phe|4579/5314|4453/5088|1485/1695||,A|non_coding_transcript_exon_variant|MODIFIER|SPTA1|SPTA1|transcript|XR_921911.3|pseudogene|32/41|n.4579C>T||||||,A|non_coding_transcript_exon_variant|MODIFIER|SPTA1|SPTA1|transcript|XR_921912.2|pseudogene|32/35|n.4651C>T||||||",0.01953,0.01358,249443,"MedGen:C3661900|Human_Phenotype_Ontology:HP:0004805,Human_Phenotype_Ontology:HP:0004839,MONDO:MONDO:0009948,MedGen:C0520739,OMIM:266140,Orphanet:98867|MONDO:MONDO:0010053,MedGen:C2678338,OMIM:270970,Orphanet:822|MedGen:CN169374|MONDO:MONDO:0007533,MedGen:C1851741,OMIM:130600,Orphanet:288","not_provided|Pyropoikilocytosis,_hereditary|Hereditary_spherocytosis_type_3|not_specified|Elliptocytosis_2",NC_000001.11:g.158642966G>A,"criteria_provided,_conflicting_classifications",Conflicting_classifications_of_pathogenicity,SCV000309420|SCV000349348|SCV000349349|SCV000349350|SCV000605277|SCV001713070|SCV002403789,single_nucleotide_variant,SO:0001483,ClinGen:CA1182681,SPTA1:6708,SO:0001583|missense_variant,1,34973695,0.01824,True,,,Uncertain_significance(3)|Benign(4),,,
chr1,158668075,293028,GAAA,"G,GAA",13.09,PASS,,"G|intron_variant|MODIFIER|SPTA1|SPTA1|transcript|NM_003126.4|protein_coding|14/51|c.1834-16_1834-14delTTT||||||,GAA|intron_variant|MODIFIER|SPTA1|SPTA1|transcript|NM_003126.4|protein_coding|14/51|c.1834-16delT||||||,G|intron_variant|MODIFIER|SPTA1|SPTA1|transcript|XM_011509917.3|protein_coding|14/50|c.1834-16_1834-14delTTT||||||,GAA|intron_variant|MODIFIER|SPTA1|SPTA1|transcript|XM_011509917.3|protein_coding|14/50|c.1834-16delT||||||,G|intron_variant|MODIFIER|SPTA1|SPTA1|transcript|XM_011509916.2|protein_coding|15/52|c.1834-16_1834-14delTTT||||||,GAA|intron_variant|MODIFIER|SPTA1|SPTA1|transcript|XM_011509916.2|protein_coding|15/52|c.1834-16delT||||||,G|intron_variant|MODIFIER|SPTA1|SPTA1|transcript|XM_011509918.3|protein_coding|14/43|c.1834-16_1834-14delTTT||||||,GAA|intron_variant|MODIFIER|SPTA1|SPTA1|transcript|XM_011509918.3|protein_coding|14/43|c.1834-16delT||||||,G|intron_variant|MODIFIER|SPTA1|SPTA1|transcript|XR_921911.3|pseudogene|14/40|n.1960-16_1960-14delTTT||||||,GAA|intron_variant|MODIFIER|SPTA1|SPTA1|transcript|XR_921911.3|pseudogene|14/40|n.1960-16delT||||||,G|intron_variant|MODIFIER|SPTA1|SPTA1|transcript|XM_011509919.3|protein_coding|14/36|c.1834-16_1834-14delTTT||||||,GAA|intron_variant|MODIFIER|SPTA1|SPTA1|transcript|XM_011509919.3|protein_coding|14/36|c.1834-16delT||||||,G|intron_variant|MODIFIER|SPTA1|SPTA1|transcript|XR_921912.2|pseudogene|14/34|n.1962-16_1962-14delTTT||||||,GAA|intron_variant|MODIFIER|SPTA1|SPTA1|transcript|XR_921912.2|pseudogene|14/34|n.1962-16delT||||||",,,276726,"MedGen:CN239472|Human_Phenotype_Ontology:HP:0004805,Human_Phenotype_Ontology:HP:0004839,MONDO:MONDO:0009948,MedGen:C0520739,OMIM:266140,Orphanet:98867|Human_Phenotype_Ontology:HP:0004445,Human_Phenotype_Ontology:HP:0004837,MedGen:C0427480|MedGen:C3661900","Spherocytosis,_Recessive|Pyropoikilocytosis,_hereditary|Elliptocytosis|not_provided",NC_000001.11:g.158668089_158668091del,"criteria_provided,_conflicting_classifications",Conflicting_classifications_of_pathogenicity,SCV000349529|SCV000349530|SCV000349531|SCV001942024,Deletion,SO:0000159,ClinGen:CA1183589,SPTA1:6708,SO:0001627|intron_variant,1,3039789,,True,,,Uncertain_significance(3)|Benign(1),,,
chr1,161214269,293284,C,CTG,27.14,PASS,True,"CTG|3_prime_UTR_variant|MODIFIER|NDUFS2|NDUFS2|transcript|NM_001377298.1|protein_coding|15/15|c.*106_*107dupGT|||||108|INFO_REALIGN_3_PRIME,CTG|3_prime_UTR_variant|MODIFIER|NDUFS2|NDUFS2|transcript|NM_001377300.1|protein_coding|14/14|c.*358_*359dupGT|||||360|INFO_REALIGN_3_PRIME,CTG|3_prime_UTR_variant|MODIFIER|NDUFS2|NDUFS2|transcript|NM_001377301.1|protein_coding|14/14|c.*358_*359dupGT|||||360|INFO_REALIGN_3_PRIME,CTG|3_prime_UTR_variant|MODIFIER|NDUFS2|NDUFS2|transcript|NM_004550.5|protein_coding|15/15|c.*106_*107dupGT|||||108|INFO_REALIGN_3_PRIME,CTG|3_prime_UTR_variant|MODIFIER|NDUFS2|NDUFS2|transcript|XM_005245209.2|protein_coding|13/13|c.*106_*107dupGT|||||108|INFO_REALIGN_3_PRIME,CTG|3_prime_UTR_variant|MODIFIER|NDUFS2|NDUFS2|transcript|NM_001166159.2|protein_coding|13/13|c.*358_*359dupGT|||||360|INFO_REALIGN_3_PRIME,CTG|3_prime_UTR_variant|MODIFIER|NDUFS2|NDUFS2|transcript|NM_001377299.1|protein_coding|14/14|c.*106_*107dupGT|||||108|INFO_REALIGN_3_PRIME,CTG|3_prime_UTR_variant|MODIFIER|NDUFS2|NDUFS2|transcript|NM_001377302.1|protein_coding|14/14|c.*149_*150dupGT|||||360|INFO_REALIGN_3_PRIME,CTG|upstream_gene_variant|MODIFIER|FCER1G|FCER1G|transcript|NM_004106.2|protein_coding||c.-1053_-1052insTG|||||1025|,CTG|non_coding_transcript_exon_variant|MODIFIER|NDUFS2|NDUFS2|transcript|NR_165188.1|pseudogene|12/12|n.1621_1622dupGT||||||INFO_REALIGN_3_PRIME",,,277997,"MONDO:MONDO:0100133,MedGen:C1838979,Orphanet:2609|MedGen:C3661900",Mitochondrial_complex_I_deficiency|not_provided,NC_000001.11:g.161214271GT[16],"criteria_provided,_conflicting_classifications",Conflicting_classifications_of_pathogenicity,SCV000350141|SCV001944407,Microsatellite,SO:0000289,ClinGen:CA10608556,NDUFS2:4720,"SO:0001619|non-coding_transcript_variant,SO:0001624|3_prime_UTR_variant",1,10629771,,,,,Uncertain_significance(1)|Benign(1),,,
chr1,161223055,293295,CCACACA,C,32.13,PASS,,"C|splice_region_variant&intron_variant|LOW|APOA2|APOA2|transcript|NM_001643.2|protein_coding|2/3|c.53-11_53-6delTGTGTG||||||,C|upstream_gene_variant|MODIFIER|TOMM40L|TOMM40L|transcript|NM_032174.6|protein_coding||c.-3216_-3211delCACACA|||||3004|,C|upstream_gene_variant|MODIFIER|MIR5187|MIR5187|transcript|NR_049819.1|pseudogene||n.-4130_-4125delCACACA|||||4130|,C|upstream_gene_variant|MODIFIER|TOMM40L|TOMM40L|transcript|XM_006711572.2|protein_coding||c.-3095_-3090delCACACA|||||2887|,C|upstream_gene_variant|MODIFIER|TOMM40L|TOMM40L|transcript|XM_017002482.2|protein_coding||c.-3116_-3111delCACACA|||||2914|,C|upstream_gene_variant|MODIFIER|TOMM40L|TOMM40L|transcript|XM_017002481.1|protein_coding||c.-3116_-3111delCACACA|||||2945|,C|upstream_gene_variant|MODIFIER|TOMM40L|TOMM40L|transcript|XM_011510057.2|protein_coding||c.-3095_-3090delCACACA|||||2999|,C|upstream_gene_variant|MODIFIER|TOMM40L|TOMM40L|transcript|NM_001286373.2|protein_coding||c.-3216_-3211delCACACA|||||3004|,C|upstream_gene_variant|MODIFIER|TOMM40L|TOMM40L|transcript|NM_001286374.2|protein_coding||c.-3216_-3211delCACACA|||||3004|,C|upstream_gene_variant|MODIFIER|MIR5187|MIR5187|transcript|unassigned_transcript_200|miRNA||n.-4139_-4134delCACACA|||||4139|,C|upstream_gene_variant|MODIFIER|MIR5187|MIR5187|transcript|unassigned_transcript_201|miRNA||n.-4181_-4176delCACACA|||||4181|,C|downstream_gene_variant|MODIFIER|FCER1G|FCER1G|transcript|NM_004106.2|protein_coding||c.*4113_*4118delCACACA|||||3811|",,,278001,MedGen:CN169374|.|MedGen:C3888202,not_specified|APOA2-related_disorder|Apolipoprotein_A-II_deficiency,NC_000001.11:g.161223057AC[16],"criteria_provided,_conflicting_classifications",Conflicting_classifications_of_pathogenicity,SCV000350152|SCV001363637,Microsatellite,SO:0000289,ClinGen:CA1209151,APOA2:336,SO:0001627|intron_variant,1,17244502,,True,,,Uncertain_significance(1)|Benign(1),,,
chr1,168293284,293462,A,AGT,15.6,PASS,,AGT|intron_variant|MODIFIER|TBX19|TBX19|transcript|NM_005149.3|protein_coding|3/7|c.603+47_603+48dupGT||||||INFO_REALIGN_3_PRIME,,,278103,"Human_Phenotype_Ontology:HP:0011748,MONDO:MONDO:0008720,MedGen:C0342388,OMIM:201400,Orphanet:199296|MedGen:C3661900",Congenital_isolated_adrenocorticotropic_hormone_deficiency|not_provided,NC_000001.11:g.168293285GT[22],"criteria_provided,_conflicting_classifications",Conflicting_classifications_of_pathogenicity,SCV000350428|SCV002491492,Microsatellite,SO:0000289,ClinGen:CA1230533,TBX19:9095,SO:0001627|intron_variant,1,57039241,,True,,,Uncertain_significance(1)|Benign(1),,,
chr1,179889309,257701,G,A,32.33,PASS,True,"A|splice_acceptor_variant&intron_variant|HIGH|TOR1AIP1|TOR1AIP1|transcript|NM_001267578.2|protein_coding|2/9|c.554-1G>A||||||,A|splice_region_variant&intron_variant|LOW|TOR1AIP1|TOR1AIP1|transcript|NM_015602.4|protein_coding|2/9|c.554-4G>A||||||",0.64659,0.63538,249563,"MONDO:MONDO:0014900,MedGen:C4511482,OMIM:617072,Orphanet:424261|MedGen:C3661900|MedGen:CN169374",Autosomal_recessive_limb-girdle_muscular_dystrophy_type_2Y|not_provided|not_specified,NC_000001.11:g.179889309G>A,"criteria_provided,_conflicting_classifications",Conflicting_classifications_of_pathogenicity,SCV000307164|SCV000746678|SCV001721351|SCV001754163|SCV001984161,single_nucleotide_variant,SO:0001483,ClinGen:CA1268839,TOR1AIP1:26092,"SO:0001574|splice_acceptor_variant,SO:0001627|intron_variant",17,2245425,0.58306,,(TOR1AIP1|TOR1AIP1|2|0.50),,Uncertain_significance(1)|Benign(4),,,
chr1,196690107,294490,C,T,39.14,PASS,True,"T|missense_variant|MODERATE|CFH|CFH|transcript|NM_000186.4|protein_coding|9/22|c.1204C>T|p.His402Tyr|1279/3962|1204/3696|402/1231||,T|missense_variant|MODERATE|CFH|CFH|transcript|XM_017001108.2|protein_coding|9/10|c.1204C>T|p.His402Tyr|1289/1441|1204/1341|402/446||,T|missense_variant|MODERATE|CFH|CFH|transcript|NM_001014975.3|protein_coding|9/10|c.1204C>T|p.His402Tyr|1279/1660|1204/1350|402/449||,T|non_coding_transcript_exon_variant|MODIFIER|CFH|CFH|transcript|XR_001737134.2|pseudogene|9/23|n.1289C>T||||||",0.67207,0.73343,278205,"MONDO:MONDO:0007472,MedGen:C0730295,OMIM:126700,Orphanet:75376|MONDO:MONDO:0012350,MedGen:C0398777,OMIM:609814|MedGen:CN071292|MedGen:C3661900|MONDO:MONDO:0016244,MedGen:C2931788,Orphanet:2134|MONDO:MONDO:0009335,MedGen:C2749604,OMIM:235400,Orphanet:2134,Orphanet:90038|MONDO:MONDO:0012540,MedGen:C1853147,OMIM:610698","Basal_laminar_drusen|Factor_H_deficiency|CFH-Related_Dense_Deposit_Disease_/_Membranoproliferative_Glomerulonephritis_Type_II|not_provided|Atypical_hemolytic-uremic_syndrome|Hemolytic_uremic_syndrome,_atypical,_susceptibility_to,_1|Age_related_macular_degeneration_4",NC_000001.11:g.196690107C>T,"criteria_provided,_conflicting_classifications",Conflicting_classifications_of_pathogenicity,SCV000352392|SCV000352393|SCV000352394|SCV000352395|SCV001730980|SCV001806638|SCV001806639|SCV001806640|SCV001806641|SCV001852119|SCV002562958|SCV002587571|SCV005285384,single_nucleotide_variant,SO:0001483,ClinGen:CA1305284,CFH:3075,SO:0001583|missense_variant,1,1061170,,,,,Uncertain_significance(1)|Benign(12),,,
chr1,196831875,1343368,T,C,35.43,PASS,,"C|missense_variant|MODERATE|CFHR1|CFHR1|transcript|NM_002113.3|protein_coding|6/6|c.869T>C|p.Leu290Ser|983/1297|869/993|290/330||,C|missense_variant|MODERATE|CFHR1|CFHR1|transcript|NM_001379306.1|protein_coding|6/6|c.818T>C|p.Leu273Ser|932/1246|818/942|273/313||,C|missense_variant|MODERATE|CFHR1|CFHR1|transcript|NM_001379307.1|protein_coding|6/6|c.707T>C|p.Leu236Ser|821/1135|707/831|236/276||,C|missense_variant|MODERATE|CFHR1|CFHR1|transcript|NM_001379308.1|protein_coding|6/6|c.704T>C|p.Leu235Ser|818/1132|704/828|235/275||,C|missense_variant|MODERATE|CFHR1|CFHR1|transcript|NM_001379309.1|protein_coding|6/6|c.701T>C|p.Leu234Ser|815/1129|701/825|234/274||,C|missense_variant|MODERATE|CFHR1|CFHR1|transcript|NM_001379310.1|protein_coding|5/5|c.674T>C|p.Leu225Ser|788/1102|674/798|225/265||,C|missense_variant|MODERATE|CFHR1|CFHR1|transcript|NM_001379311.1|protein_coding|5/5|c.665T>C|p.Leu222Ser|779/1093|665/789|222/262||,C|missense_variant|MODERATE|CFHR1|CFHR1|transcript|NM_001379312.1|protein_coding|5/5|c.626T>C|p.Leu209Ser|740/1054|626/750|209/249||",3e-05,,1335035,"MONDO:MONDO:0009335,MedGen:C2749604,OMIM:235400,Orphanet:2134,Orphanet:90038|MedGen:C3661900","Hemolytic_uremic_syndrome,_atypical,_susceptibility_to,_1|not_provided",NC_000001.11:g.196831875T>C,"criteria_provided,_conflicting_classifications",Conflicting_classifications_of_pathogenicity,SCV002103269|SCV005399036,single_nucleotide_variant,SO:0001483,ClinGen:CA1306619,CFHR1:3078,SO:0001583|missense_variant,1,200832275,,True,,,Likely_pathogenic(1)|Uncertain_significance(1),,,
chr1,196831893,1343371,C,T,33.65,PASS,,"T|missense_variant|MODERATE|CFHR1|CFHR1|transcript|NM_002113.3|protein_coding|6/6|c.887C>T|p.Ala296Val|1001/1297|887/993|296/330||,T|missense_variant|MODERATE|CFHR1|CFHR1|transcript|NM_001379306.1|protein_coding|6/6|c.836C>T|p.Ala279Val|950/1246|836/942|279/313||,T|missense_variant|MODERATE|CFHR1|CFHR1|transcript|NM_001379307.1|protein_coding|6/6|c.725C>T|p.Ala242Val|839/1135|725/831|242/276||,T|missense_variant|MODERATE|CFHR1|CFHR1|transcript|NM_001379308.1|protein_coding|6/6|c.722C>T|p.Ala241Val|836/1132|722/828|241/275||,T|missense_variant|MODERATE|CFHR1|CFHR1|transcript|NM_001379309.1|protein_coding|6/6|c.719C>T|p.Ala240Val|833/1129|719/825|240/274||,T|missense_variant|MODERATE|CFHR1|CFHR1|transcript|NM_001379310.1|protein_coding|5/5|c.692C>T|p.Ala231Val|806/1102|692/798|231/265||,T|missense_variant|MODERATE|CFHR1|CFHR1|transcript|NM_001379311.1|protein_coding|5/5|c.683C>T|p.Ala228Val|797/1093|683/789|228/262||,T|missense_variant|MODERATE|CFHR1|CFHR1|transcript|NM_001379312.1|protein_coding|5/5|c.644C>T|p.Ala215Val|758/1054|644/750|215/249||",,,1335038,MedGen:C3661900,not_provided,NC_000001.11:g.196831893C>T,"criteria_provided,_single_submitter",Likely_pathogenic,SCV002103280,single_nucleotide_variant,SO:0001483,ClinGen:CA35827204,CFHR1:3078,SO:0001583|missense_variant,1,16840561,,True,,,,,,
chr1,212897349,295373,T,TACAC,28.18,PASS,True,"TACAC|3_prime_UTR_variant|MODIFIER|FLVCR1|FLVCR1|transcript|NM_014053.4|protein_coding|10/10|c.*2077_*2080dupCACA|||||2081|INFO_REALIGN_3_PRIME,TACAC|downstream_gene_variant|MODIFIER|FLVCR1|FLVCR1|transcript|XM_011509446.3|protein_coding||c.*2059_*2060insACAC|||||1129|,TACAC|downstream_gene_variant|MODIFIER|FLVCR1|FLVCR1|transcript|XR_247024.3|pseudogene||n.*1128_*1129insACAC|||||1129|",,,280300,"MONDO:MONDO:0012177,MedGen:C1836916,OMIM:609033,Orphanet:88628",Posterior_column_ataxia-retinitis_pigmentosa_syndrome,NC_000001.11:g.212897351CA[12],"criteria_provided,_conflicting_classifications",Conflicting_classifications_of_pathogenicity,SCV000354025|SCV000354028,Microsatellite,SO:0000289,ClinGen:CA10609784,FLVCR1:28982,SO:0001624|3_prime_UTR_variant,1,139242973,,,,,Uncertain_significance(1)|Benign(1),,,
chr1,216323590,48437,C,G,24.02,PASS,True,"G|missense_variant|MODERATE|USH2A|USH2A|transcript|NM_206933.4|protein_coding|8/72|c.1434G>C|p.Glu478Asp|1873/18938|1434/15609|478/5202||,G|missense_variant|MODERATE|USH2A|USH2A|transcript|NM_007123.6|protein_coding|8/21|c.1434G>C|p.Glu478Asp|1873/6372|1434/4641|478/1546||",0.01185,0.00479,57599,"MedGen:C3661900|Human_Phenotype_Ontology:HP:0000547,MONDO:MONDO:0019200,MeSH:D012174,MedGen:C0035334,OMIM:268000,OMIM:PS268000,Orphanet:791|MONDO:MONDO:0010169,MedGen:C1848634,OMIM:276901,Orphanet:231178,Orphanet:886|Human_Phenotype_Ontology:HP:0000556,Human_Phenotype_Ontology:HP:0007736,Human_Phenotype_Ontology:HP:0007910,Human_Phenotype_Ontology:HP:0007974,Human_Phenotype_Ontology:HP:0007982,MONDO:MONDO:0019118,MeSH:D058499,MedGen:C0854723,Orphanet:71862|MedGen:CN169374",not_provided|Retinitis_pigmentosa|Usher_syndrome_type_2A|Retinal_dystrophy|not_specified,NC_000001.11:g.216323590C>G,"criteria_provided,_conflicting_classifications",Conflicting_classifications_of_pathogenicity,SCV000065456|SCV000232817|SCV000970668|SCV001146603|SCV001255529|SCV001255530|SCV001653349|SCV001724865|SCV002104153|SCV004125627|SCV004708063|SCV005070183,single_nucleotide_variant,SO:0001483,ClinGen:CA143350|UniProtKB:O75445#VAR_025768,USH2A:7399,SO:0001583|missense_variant,1,35730265,0.01176,,,,Uncertain_significance(1)|Benign(9)|Likely_benign(2),,,
chr1,226735804,1705897,G,T,37.92,PASS,True,"T|missense_variant|MODERATE|ITPKB|ITPKB|transcript|NM_002221.4|protein_coding|2/8|c.1655C>A|p.Pro552Gln|2102/6269|1655/2841|552/946||,T|missense_variant|MODERATE|ITPKB|ITPKB|transcript|NM_001388404.1|protein_coding|2/3|c.1655C>A|p.Pro552Gln|2102/3125|1655/1935|552/644||,T|missense_variant|MODERATE|ITPKB|ITPKB|transcript|XM_017001211.2|protein_coding|2/3|c.1655C>A|p.Pro552Gln|2116/10055|1655/2193|552/730||",,,1704217,"MONDO:MONDO:0019452,MedGen:C1333046,Orphanet:86830|.|MedGen:CN169374","Myeloproliferative_neoplasm,_unclassifiable|ITPKB-related_disorder|not_specified",NC_000001.11:g.226735804G>T,"criteria_provided,_conflicting_classifications",Conflicting_classifications_of_pathogenicity,SCV002573666|SCV004233488|SCV005873467|SCV006058409,single_nucleotide_variant,SO:0001483,ClinGen:CA1423888,ITPKB:3707,SO:0001583|missense_variant,3,,,,,,Likely_pathogenic(1)|Uncertain_significance(1)|Benign(2),,,
chr1,226736237,1705899,A,C,36.97,PASS,True,"C|missense_variant|MODERATE|ITPKB|ITPKB|transcript|NM_002221.4|protein_coding|2/8|c.1222T>G|p.Ser408Ala|1669/6269|1222/2841|408/946||,C|missense_variant|MODERATE|ITPKB|ITPKB|transcript|NM_001388404.1|protein_coding|2/3|c.1222T>G|p.Ser408Ala|1669/3125|1222/1935|408/644||,C|missense_variant|MODERATE|ITPKB|ITPKB|transcript|XM_017001211.2|protein_coding|2/3|c.1222T>G|p.Ser408Ala|1683/10055|1222/2193|408/730||",,,1704219,"MONDO:MONDO:0019452,MedGen:C1333046,Orphanet:86830|.|MedGen:CN169374","Myeloproliferative_neoplasm,_unclassifiable|ITPKB-related_disorder|not_specified",NC_000001.11:g.226736237A>C,"criteria_provided,_conflicting_classifications",Conflicting_classifications_of_pathogenicity,SCV002573668|SCV004233046|SCV005873468|SCV006058408,single_nucleotide_variant,SO:0001483,ClinGen:CA1423994,ITPKB:3707,SO:0001583|missense_variant,3,,,,,,Likely_pathogenic(1)|Uncertain_significance(1)|Benign(2),,,
chr1,226736941,1705898,C,T,56.61,PASS,,"T|missense_variant|MODERATE|ITPKB|ITPKB|transcript|NM_002221.4|protein_coding|2/8|c.518G>A|p.Arg173His|965/6269|518/2841|173/946||,T|missense_variant|MODERATE|ITPKB|ITPKB|transcript|NM_001388404.1|protein_coding|2/3|c.518G>A|p.Arg173His|965/3125|518/1935|173/644||,T|missense_variant|MODERATE|ITPKB|ITPKB|transcript|XM_017001211.2|protein_coding|2/3|c.518G>A|p.Arg173His|979/10055|518/2193|173/730||",,,1704218,"MedGen:CN169374|MONDO:MONDO:0019452,MedGen:C1333046,Orphanet:86830","not_specified|Myeloproliferative_neoplasm,_unclassifiable",NC_000001.11:g.226736941C>T,"criteria_provided,_conflicting_classifications",Conflicting_classifications_of_pathogenicity,SCV002573667|SCV004233576,single_nucleotide_variant,SO:0001483,ClinGen:CA1424162,ITPKB:3707,SO:0001583|missense_variant,3,,,True,,,Uncertain_significance(1)|Benign(1),,,
chr1,226737174,1705896,ACTGCCGCTG,A,51.2,PASS,,"A|disruptive_inframe_deletion|MODERATE|ITPKB|ITPKB|transcript|NM_002221.4|protein_coding|2/8|c.276_284delCAGCGGCAG|p.Ser93_Ser95del|731/6269|276/2841|92/946||,A|disruptive_inframe_deletion|MODERATE|ITPKB|ITPKB|transcript|NM_001388404.1|protein_coding|2/3|c.276_284delCAGCGGCAG|p.Ser93_Ser95del|731/3125|276/1935|92/644||,A|disruptive_inframe_deletion|MODERATE|ITPKB|ITPKB|transcript|XM_017001211.2|protein_coding|2/3|c.276_284delCAGCGGCAG|p.Ser93_Ser95del|745/10055|276/2193|92/730||",,,1704216,"MONDO:MONDO:0019452,MedGen:C1333046,Orphanet:86830","Myeloproliferative_neoplasm,_unclassifiable",NC_000001.11:g.226737176TGCCGCTGC[1],"criteria_provided,_single_submitter",Likely_pathogenic,SCV002573665,Microsatellite,SO:0000289,ClinGen:CA1424231,ITPKB:3707|LOC129932672:129932672,SO:0001822|inframe_deletion,2,,,True,,,,,,
chr1,226987464,296047,C,T,55.7,PASS,,"T|3_prime_UTR_variant|MODIFIER|COQ8A|COQ8A|transcript|NM_020247.5|protein_coding|15/15|c.*727C>T|||||727|,T|3_prime_UTR_variant|MODIFIER|COQ8A|COQ8A|transcript|XM_017001852.1|protein_coding|15/15|c.*727C>T|||||727|,T|3_prime_UTR_variant|MODIFIER|COQ8A|COQ8A|transcript|XM_024448517.1|protein_coding|16/16|c.*727C>T|||||727|,T|3_prime_UTR_variant|MODIFIER|COQ8A|COQ8A|transcript|XM_024448518.1|protein_coding|16/16|c.*727C>T|||||727|,T|3_prime_UTR_variant|MODIFIER|COQ8A|COQ8A|transcript|XM_011544238.1|protein_coding|16/16|c.*727C>T|||||727|,T|3_prime_UTR_variant|MODIFIER|COQ8A|COQ8A|transcript|XM_011544239.2|protein_coding|17/17|c.*727C>T|||||727|,T|3_prime_UTR_variant|MODIFIER|COQ8A|COQ8A|transcript|XM_011544241.2|protein_coding|15/15|c.*727C>T|||||727|,T|3_prime_UTR_variant|MODIFIER|COQ8A|COQ8A|transcript|XM_005273201.1|protein_coding|15/15|c.*727C>T|||||727|,T|downstream_gene_variant|MODIFIER|CDC42BPA|CDC42BPA|transcript|NM_001387550.1|protein_coding||c.*6804G>A|||||2401|,T|downstream_gene_variant|MODIFIER|CDC42BPA|CDC42BPA|transcript|NM_001366011.1|protein_coding||c.*6804G>A|||||2394|,T|downstream_gene_variant|MODIFIER|CDC42BPA|CDC42BPA|transcript|XM_005273317.4|protein_coding||c.*6804G>A|||||2401|,T|downstream_gene_variant|MODIFIER|CDC42BPA|CDC42BPA|transcript|XM_005273318.4|protein_coding||c.*6804G>A|||||2401|,T|downstream_gene_variant|MODIFIER|CDC42BPA|CDC42BPA|transcript|XM_005273321.4|protein_coding||c.*6804G>A|||||2401|,T|downstream_gene_variant|MODIFIER|CDC42BPA|CDC42BPA|transcript|XM_006711834.4|protein_coding||c.*6804G>A|||||2401|,T|downstream_gene_variant|MODIFIER|CDC42BPA|CDC42BPA|transcript|XM_006711835.4|protein_coding||c.*6804G>A|||||2401|,T|downstream_gene_variant|MODIFIER|CDC42BPA|CDC42BPA|transcript|XM_011544307.3|protein_coding||c.*6804G>A|||||2401|,T|downstream_gene_variant|MODIFIER|CDC42BPA|CDC42BPA|transcript|XM_011544308.3|protein_coding||c.*6804G>A|||||2401|,T|downstream_gene_variant|MODIFIER|CDC42BPA|CDC42BPA|transcript|XM_017002578.2|protein_coding||c.*6804G>A|||||2401|,T|downstream_gene_variant|MODIFIER|CDC42BPA|CDC42BPA|transcript|XM_011544309.3|protein_coding||c.*6804G>A|||||2401|,T|downstream_gene_variant|MODIFIER|CDC42BPA|CDC42BPA|transcript|XM_005273320.4|protein_coding||c.*6804G>A|||||2401|,T|downstream_gene_variant|MODIFIER|CDC42BPA|CDC42BPA|transcript|NM_001366010.2|protein_coding||c.*6804G>A|||||2401|,T|downstream_gene_variant|MODIFIER|CDC42BPA|CDC42BPA|transcript|NM_001366019.2|protein_coding||c.*6804G>A|||||2401|,T|downstream_gene_variant|MODIFIER|CDC42BPA|CDC42BPA|transcript|NM_001394014.1|protein_coding||c.*6804G>A|||||2401|,T|downstream_gene_variant|MODIFIER|CDC42BPA|CDC42BPA|transcript|NM_003607.4|protein_coding||c.*6804G>A|||||2401|,T|downstream_gene_variant|MODIFIER|CDC42BPA|CDC42BPA|transcript|NM_014826.5|protein_coding||c.*6804G>A|||||2401|,T|downstream_gene_variant|MODIFIER|CDC42BPA|CDC42BPA|transcript|XM_017002579.2|protein_coding||c.*6804G>A|||||2401|,T|downstream_gene_variant|MODIFIER|CDC42BPA|CDC42BPA|transcript|XM_017002580.2|protein_coding||c.*6804G>A|||||2401|,T|downstream_gene_variant|MODIFIER|CDC42BPA|CDC42BPA|transcript|XM_017002581.2|protein_coding||c.*6804G>A|||||2401|",,0.00859,280952,"MedGen:C3661900|MedGen:CN239204|MONDO:MONDO:0012784,MedGen:C2677589,OMIM:612016,Orphanet:139485","not_provided|Coenzyme_Q10_deficiency,_Spinocerebellar_Ataxia_Type|Autosomal_recessive_ataxia_due_to_ubiquinone_deficiency",NC_000001.11:g.226987464C>T,"criteria_provided,_conflicting_classifications",Conflicting_classifications_of_pathogenicity,SCV000355320|SCV000355321|SCV002056039,single_nucleotide_variant,SO:0001483,ClinGen:CA10610204,COQ8A:56997,SO:0001624|3_prime_UTR_variant,1,16846762,,True,,,Uncertain_significance(1)|Benign(1)|Likely_benign(1),,,
chr1,236897645,296586,CT,C,17.44,PASS,,"C|3_prime_UTR_variant|MODIFIER|MTR|MTR|transcript|XM_011544194.3|protein_coding|32/32|c.*16delT|||||16|INFO_REALIGN_3_PRIME,C|3_prime_UTR_variant|MODIFIER|MTR|MTR|transcript|XM_017001329.2|protein_coding|31/31|c.*16delT|||||16|INFO_REALIGN_3_PRIME,C|3_prime_UTR_variant|MODIFIER|MTR|MTR|transcript|XM_017001330.2|protein_coding|30/30|c.*16delT|||||16|INFO_REALIGN_3_PRIME,C|3_prime_UTR_variant|MODIFIER|MTR|MTR|transcript|NM_001291939.1|protein_coding|32/32|c.*16delT|||||16|INFO_REALIGN_3_PRIME,C|3_prime_UTR_variant|MODIFIER|MTR|MTR|transcript|NM_000254.3|protein_coding|33/33|c.*16delT|||||16|INFO_REALIGN_3_PRIME,C|3_prime_UTR_variant|MODIFIER|MTR|MTR|transcript|NM_001291940.2|protein_coding|32/32|c.*16delT|||||16|INFO_REALIGN_3_PRIME,C|3_prime_UTR_variant|MODIFIER|MTR|MTR|transcript|XM_005273141.5|protein_coding|33/33|c.*16delT|||||16|INFO_REALIGN_3_PRIME,C|3_prime_UTR_variant|MODIFIER|MTR|MTR|transcript|XM_006711770.3|protein_coding|27/27|c.*16delT|||||16|INFO_REALIGN_3_PRIME",,,280140,"MedGen:C3661900|MedGen:CN043592|MONDO:MONDO:0009609,MedGen:C1855128,OMIM:250940,Orphanet:2170,Orphanet:622",not_provided|Disorders_of_Intracellular_Cobalamin_Metabolism|Methylcobalamin_deficiency_type_cblG,NC_000001.11:g.236897660del,"criteria_provided,_conflicting_classifications",Conflicting_classifications_of_pathogenicity,SCV000356064|SCV001135597|SCV001881519,Deletion,SO:0000159,ClinGen:CA1474796,MTR:4548,SO:0001624|3_prime_UTR_variant,1,67705775,,True,,,Uncertain_significance(1)|Benign(2),,,
chr1,237833281,296789,G,GA,23.08,PASS,,"GA|3_prime_UTR_variant|MODIFIER|RYR2|RYR2|transcript|XM_006711802.3|protein_coding|107/107|c.*646dupA|||||647|INFO_REALIGN_3_PRIME,GA|3_prime_UTR_variant|MODIFIER|RYR2|RYR2|transcript|NM_001035.3|protein_coding|105/105|c.*646dupA|||||647|INFO_REALIGN_3_PRIME,GA|3_prime_UTR_variant|MODIFIER|RYR2|RYR2|transcript|XM_006711803.3|protein_coding|107/107|c.*646dupA|||||647|INFO_REALIGN_3_PRIME,GA|3_prime_UTR_variant|MODIFIER|RYR2|RYR2|transcript|XM_006711804.3|protein_coding|106/106|c.*646dupA|||||647|INFO_REALIGN_3_PRIME,GA|3_prime_UTR_variant|MODIFIER|RYR2|RYR2|transcript|XM_006711805.3|protein_coding|106/106|c.*646dupA|||||647|INFO_REALIGN_3_PRIME,GA|3_prime_UTR_variant|MODIFIER|RYR2|RYR2|transcript|XM_006711806.3|protein_coding|106/106|c.*646dupA|||||647|INFO_REALIGN_3_PRIME,GA|3_prime_UTR_variant|MODIFIER|RYR2|RYR2|transcript|XM_006711807.3|protein_coding|105/105|c.*646dupA|||||647|INFO_REALIGN_3_PRIME,GA|3_prime_UTR_variant|MODIFIER|RYR2|RYR2|transcript|XM_006711808.3|protein_coding|104/104|c.*646dupA|||||647|INFO_REALIGN_3_PRIME,GA|3_prime_UTR_variant|MODIFIER|RYR2|RYR2|transcript|XM_017002028.1|protein_coding|106/106|c.*646dupA|||||647|INFO_REALIGN_3_PRIME,GA|3_prime_UTR_variant|MODIFIER|RYR2|RYR2|transcript|XM_006711810.3|protein_coding|104/104|c.*646dupA|||||647|INFO_REALIGN_3_PRIME",,,280387,"MedGen:C3661900|MONDO:MONDO:0016587,MeSH:D019571,MedGen:C0349788,Orphanet:247|MONDO:MONDO:0017990,MedGen:C5574922,OMIM:PS604772,Orphanet:3286",not_provided|Arrhythmogenic_right_ventricular_cardiomyopathy|Catecholaminergic_polymorphic_ventricular_tachycardia,NC_000001.11:g.237833293dup,"criteria_provided,_conflicting_classifications",Conflicting_classifications_of_pathogenicity,SCV000356545|SCV000356546|SCV001860722,Duplication,SO:1000035,ClinGen:CA10609852,RYR2:6262,SO:0001624|3_prime_UTR_variant,1,377407067,,True,,,Uncertain_significance(2)|Benign(1),,,
